Taxon,Group,FAD,LAD,Age,Skull (Lower jaw),Neck (from edge of girdle),TRUNK,Time,Time_2,Time2,Time_3,Time3,Time_4,Time4
Albertonectes vanderveldei,Sauropterygia,76.27,72.05,74.16,46.3,700,188,Cretaceous,Late_Cretaceous,83.2,San-Maas,76.1,San-Maas,76.1
Archaeonectrus rostratus,Sauropterygia,199.6,190.82,195.21,62,90,95.6,Jurassic,Early_Jurassic,187.7,Het-Sin,196,Het-Sin,196
Aristonectes quiriquinensis,Sauropterygia,70.63,66.04,68.335,NA,350,400,Cretaceous,Late_Cretaceous,83.2,San-Maas,76.1,San-Maas,76.1
Atopodentatus unicus,Sauropterygia,247.2,242,244.6,12,35.41,78.58,Triassic,Mid_Triassic,242.1,Ani-Lad,242.1,Ani-Lad,242.1
Attenborosaurus conybeari,Sauropterygia,195.31,190.82,193.065,53,193.4,125.6,Jurassic,Early_Jurassic,187.7,Het-Sin,196,Het-Sin,196
Atychodracon megacephalus,Sauropterygia,201.1,200.85,200.975,82.25,136.07,124.41,Jurassic,Early_Jurassic,187.7,Het-Sin,196,Het-Sin,196
Avalonnectes arturi ,Sauropterygia,201.3,199.3,200.3,NA,69,54.5,Jurassic,Early_Jurassic,187.7,Het-Sin,196,Het-Sin,196
Bobosaurus forojuliensis,Sauropterygia,235.39,233.5,234.445,NA,89,98,Triassic,Late_Triassic,219.1,Car,232,Car,232
Brancasaurus brancai,Sauropterygia,141.93,139.39,140.66,30,138,75.9,Cretaceous,Early_Cretaceous,122.3,Ber-Bar,135,Ber-Alb,122.3
Callawayasaurus colombiensis ,Sauropterygia,125,122.98,123.99,NA,380,207,Cretaceous,Early_Cretaceous,122.3,Apt-Alb,113,Ber-Alb,122.3
Ceresiosaurus calcagnii,Sauropterygia,241.5,239.1,240.3,21,40.7,54.5,Triassic,Mid_Triassic,242.1,Ani-Lad,242.1,Ani-Lad,242.1
Colymbosaurus trochanterius,Sauropterygia,157.3,147.72,152.51,NA,200,160,Jurassic,Late_Jurassic,154.2,Kim-Tith,151.1,Oxf-Tith,154.2
Corosaurus alcovensis ,Sauropterygia,248.46,247.06,247.76,NA,25,50,Triassic,Early_Triassic,251,Ind-Ole,251,Ind-Ole,251
Corosaurus alcovensis_d,Sauropterygia,248.46,247.06,247.76,NA,25,50,NA,Mid_Triassic,242.1,Ani-Lad,242.1,Ani-Lad,242.1
Cryptoclidus eurymerus,Sauropterygia,166.1,161.2,163.65,35.6,108,99,Jurassic,Mid_Jurassic,168.8,Aal-Call,168.8,Aal-Call,168.8
Cryptoclidus eurymerus_d,Sauropterygia,166.1,161.2,163.65,35.6,108,99,NA,Late_Jurassic,154.2,Oxf,160.4,Oxf-Tith,154.2
Cryptoclidus eurymerus_dd,Sauropterygia,166.1,161.2,163.65,35.6,108,99,NA,Late_Jurassic,154.2,Kim-Tith,151.1,NA,NA
Cyamodus orientalis,Sauropterygia,233.5,228.35,230.925,NA,10.5,39.7,Triassic,Late_Triassic,219.1,Car,232,Car,232
Dactylosaurus schroederi,Sauropterygia,246.36,244.94,245.65,NA,4.5,6.5,Triassic,Mid_Triassic,242.1,Ani-Lad,242.1,Ani-Lad,242.1
Diandongosaurus acutidentatus,Sauropterygia,244.94,243.99,244.465,2.85,7.25,7.77,Triassic,Mid_Triassic,242.1,Ani-Lad,242.1,Ani-Lad,242.1
Dianmeisaurus gracilis,Sauropterygia,244.94,243.99,244.465,2.35,5.92,6.64,Triassic,Mid_Triassic,242.1,Ani-Lad,242.1,Ani-Lad,242.1
Dianopachysaurus dingi,Sauropterygia,244.94,243.99,244.465,2.67,4.07,3.75,Triassic,Mid_Triassic,242.1,Ani-Lad,242.1,Ani-Lad,242.1
Dolichorhynchops osborni,Sauropterygia,87.86,80.97,84.415,56,51.2,91.8,Cretaceous,Late_Cretaceous,83.2,Cen-Con,93.4,Cen-Con,93.4
Dolichorhynchops osborni_d,Sauropterygia,87.86,80.97,84.415,56,51.2,91.8,NA,NA,NA,San-Maas,76.1,San-Maas,76.1
Elasmosaurus platyurus ,Sauropterygia,81.13,78.34,79.735,NA,667,214,Cretaceous,Late_Cretaceous,83.2,San-Maas,76.1,San-Maas,76.1
Eoplesiosaurus antiquior ,Sauropterygia,201.3,201.1,201.2,NA,135,78,Jurassic,Early_Jurassic,187.7,Het-Sin,196,Het-Sin,196
Glyphoderma kangi,Sauropterygia,237,235.39,236.195,11.2,5.8,26.4,Triassic,Late_Triassic,219.1,Car,232,Car,232
Hauffiosaurus longirostris,Sauropterygia,182.7,178.24,180.47,NA,180,203,Jurassic,Early_Jurassic,187.7,Pli-Toa,182.4,Pli-Toa,182.4
Hauffiosaurus tomistomimus,Sauropterygia,182.7,178.24,180.47,NA,152,97,Jurassic,Early_Jurassic,187.7,Pli-Toa,182.4,Pli-Toa,182.4
Hauffiosaurus zanoni,Sauropterygia,182.7,178.24,180.47,43,93,82,Jurassic,Early_Jurassic,187.7,Pli-Toa,182.4,Pli-Toa,182.4
Henodus chelyops,Sauropterygia,235.39,233.5,234.445,14.5,14.2,57,Triassic,Late_Triassic,219.1,Car,232,Car,232
Hydrotherosaurus alexandrae,Sauropterygia,72.05,66,69.025,47,445,140,Cretaceous,Late_Cretaceous,83.2,San-Maas,76.1,San-Maas,76.1
Kaiwhekea katiki ,Sauropterygia,72.05,66,69.025,NA,265,195,Cretaceous,Late_Cretaceous,83.2,San-Maas,76.1,San-Maas,76.1
Keichousaurus hui,Sauropterygia,239.1,235.39,237.245,2.6,6.8,5.7,Triassic,Mid_Triassic,242.1,Ani-Lad,242.1,Ani-Lad,242.1
Keichousaurus hui_d,Sauropterygia,239.1,235.39,237.245,2.6,6.8,5.7,NA,Late_Triassic,219.1,Car,232,Car,232
Kronosaurus boyacensis,Sauropterygia,126.3,113,119.65,242.2,111,282.5,Cretaceous,Early_Cretaceous,122.3,Apt-Alb,113,Ber-Alb,122.3
Kronosaurus queenslandicus ,Sauropterygia,126.3,100.5,113.4,NA,187,315,Cretaceous,Early_Cretaceous,122.3,Apt-Alb,113,Ber-Alb,122.3
Lariosaurus balsami,Sauropterygia,239.1,237,238.05,10.55,17.3,26,Triassic,Mid_Triassic,242.1,Ani-Lad,242.1,Ani-Lad,242.1
Lariosaurus valceresii,Sauropterygia,239.1,237,238.05,10.9,22.4,27.6,Triassic,Mid_Triassic,242.1,Ani-Lad,242.1,Ani-Lad,242.1
Lariosaurus xingyiensis,Sauropterygia,237,235.39,236.195,19.12,26.86,48.12,Triassic,Late_Triassic,219.1,Car,232,Car,232
Libonectes atlasense,Sauropterygia,93.9,92.9,93.4,45,400,135,Cretaceous,Late_Cretaceous,83.2,Cen-Con,93.4,Cen-Con,93.4
Lindwurmia thiuda ,Sauropterygia,201.1,200.85,200.975,NA,49.6,66,Jurassic,Early_Jurassic,187.7,Het-Sin,196,Het-Sin,196
Liopleurodon ferox,Sauropterygia,166.07,161.2,163.635,119,73.5,181,Jurassic,Mid_Jurassic,168.8,Aal-Call,168.8,Aal-Call,168.8
Liopleurodon ferox_d,Sauropterygia,166.07,161.2,163.635,119,73.5,181,NA,Late_Jurassic,154.2,Oxf,160.4,Oxf-Tith,154.2
Luskhan itilensis,Sauropterygia,132.9,130,131.45,NA,75.4,193,Cretaceous,Early_Cretaceous,122.3,Ber-Bar,135,Ber-Alb,122.3
Macroplata tenuiceps ,Sauropterygia,200.1,199.3,199.7,NA,95,117,Jurassic,Early_Jurassic,187.7,Het-Sin,196,Het-Sin,196
Manemergus anguirostris ,Sauropterygia,93.9,92.9,93.4,NA,61,60,Cretaceous,Late_Cretaceous,83.2,Cen-Con,93.4,Cen-Con,93.4
Meyerasaurus victor,Sauropterygia,182.7,178.24,180.47,41.5,81.4,92.71,Jurassic,Early_Jurassic,187.7,Pli-Toa,182.4,Pli-Toa,182.4
Microcleidus brachypterygius,Sauropterygia,182.7,178.24,180.47,21.6,135.23,59.97,Jurassic,Early_Jurassic,187.7,Pli-Toa,182.4,Pli-Toa,182.4
Microcleidus homalospondylus,Sauropterygia,182.7,178.24,180.47,NA,210,134,Jurassic,Early_Jurassic,187.7,Pli-Toa,182.4,Pli-Toa,182.4
Microcleidus sp,Sauropterygia,182.7,178.24,180.47,NA,136.5,72.5,Jurassic,Early_Jurassic,187.7,Pli-Toa,182.4,Pli-Toa,182.4
Microcleidus tournemirensis,Sauropterygia,178.24,174.15,176.195,NA,186,82.5,Jurassic,Early_Jurassic,187.7,Pli-Toa,182.4,Pli-Toa,182.4
Morenosaurus stocki,Sauropterygia,72.05,66,69.025,49.3,347,200,Cretaceous,Late_Cretaceous,83.2,San-Maas,76.1,San-Maas,76.1
Muraenosaurus leedsii,Sauropterygia,166.07,161.2,163.635,41,198.3,140.7,Jurassic,Mid_Jurassic,168.8,Aal-Call,168.8,Aal-Call,168.8
Muraenosaurus leedsii_d,Sauropterygia,166.07,161.2,163.635,41,198.3,140.7,NA,Late_Jurassic,154.2,Oxf,160.4,Oxf-Tith,154.2
Neusticosaurus edwardsii,Sauropterygia,239.7,237,238.35,6.8,15.2,27.8,Triassic,Mid_Triassic,242.1,Ani-Lad,242.1,Ani-Lad,242.1
Neusticosaurus peyeri,Sauropterygia,239.7,237,238.35,3.29,5.2,8.1,Triassic,Mid_Triassic,242.1,Ani-Lad,242.1,Ani-Lad,242.1
Neusticosaurus pusillus,Sauropterygia,239.7,237,238.35,2.9,5.3,8.3,Triassic,Mid_Triassic,242.1,Ani-Lad,242.1,Ani-Lad,242.1
Nichollssaura borealis,Sauropterygia,113,100.5,106.75,30.8,69,67.2,Cretaceous,Early_Cretaceous,122.3,Apt-Alb,113,Ber-Alb,122.3
Nothosaurus giganteus,Sauropterygia,243.99,233.5,238.745,57.5,67,103,Triassic,Mid_Triassic,242.1,Ani-Lad,242.1,Ani-Lad,242.1
Nothosaurus giganteus_d,Sauropterygia,243.99,233.5,238.745,57.5,67,103,NA,Late_Triassic,219.1,Car,232,Car,232
Nothosaurus marchicus,Sauropterygia,246.36,241.5,243.93,NA,22,27,Triassic,Mid_Triassic,242.1,Ani-Lad,242.1,Ani-Lad,242.1
Nothosaurus youngi,Sauropterygia,237,235.39,236.195,20.61,28.15,43.5,Triassic,Late_Triassic,219.1,Car,232,Car,232
Panzhousaurus rotundirostris ,Sauropterygia,244.94,243.99,244.465,NA,8.8,12.8,Triassic,Mid_Triassic,242.1,Ani-Lad,242.1,Ani-Lad,242.1
Paraplacodus broilii,Sauropterygia,242.57,240.3,241.435,12.7,9,30.5,Triassic,Mid_Triassic,242.1,Ani-Lad,242.1,Ani-Lad,242.1
Peloneustes philarchus,Sauropterygia,166.1,163.5,164.8,79.5,62,135,Jurassic,Mid_Jurassic,168.8,Aal-Call,168.8,Aal-Call,168.8
Placodus gigas,Sauropterygia,246.36,239.1,242.73,18.24,13.7,70.7,Triassic,Mid_Triassic,242.1,Ani-Lad,242.1,Ani-Lad,242.1
Placodus inexpectatus,Sauropterygia,247.2,242,244.6,18,10.8,60,Triassic,Mid_Triassic,242.1,Ani-Lad,242.1,Ani-Lad,242.1
Plesiopterys wildi,Sauropterygia,182.7,178.24,180.47,14.8,86.5,53,Jurassic,Early_Jurassic,187.7,Pli-Toa,182.4,Pli-Toa,182.4
Plesiosaurus sp,Sauropterygia,195.31,190.82,193.065,21.7,118,87.73,Jurassic,Early_Jurassic,187.7,Het-Sin,196,Het-Sin,196
Polycotylus latipinnis,Sauropterygia,87.86,80.97,84.415,68,125,126.67,Cretaceous,Late_Cretaceous,83.2,Cen-Con,93.4,Cen-Con,93.4
Polycotylus latipinnis_d,Sauropterygia,87.86,80.97,84.415,68,125,126.67,NA,NA,NA,San-Maas,76.1,San-Maas,76.1
Psephochelys polyosteoderma,Sauropterygia,233.5,228.35,230.925,8.8,3.43,21.4,Triassic,Late_Triassic,219.1,Car,232,Car,232
Psephoderma alpinum,Sauropterygia,217.42,201.3,209.36,20.6,9.9,49.2,Triassic,Late_Triassic,219.1,Nor-Rha,214.1,Nor-Rha,214.1
Qianxisaurus chajiangensis,Sauropterygia,237,235.39,236.195,NA,10,23.8,Triassic,Late_Triassic,219.1,Car,232,Car,232
Rhomaleosaurus cramptoni,Sauropterygia,182.7,178.24,180.47,110,174,205.2,Jurassic,Early_Jurassic,187.7,Pli-Toa,182.4,Pli-Toa,182.4
Rhomaleosaurus zetlandicus,Sauropterygia,182.7,178.24,180.47,NA,100,164,Jurassic,Early_Jurassic,187.7,Pli-Toa,182.4,Pli-Toa,182.4
Sachicasaurus vitae,Sauropterygia,129.4,113,121.2,NA,124.5,351.4,Cretaceous,Early_Cretaceous,122.3,Ber-Bar,135,Ber-Alb,122.3
Sachicasaurus vitae_d,Sauropterygia,129.4,113,121.2,NA,124.5,351.4,NA,NA,NA,Apt-Alb,113,NA,NA
Seeleyosaurus guilelmiimperatoris,Sauropterygia,182.7,178.24,180.47,20.87,135,84,Jurassic,Early_Jurassic,187.7,Pli-Toa,182.4,Pli-Toa,182.4
Serpianosaurus mirigiolensis,Sauropterygia,242.57,240.3,241.435,7,9.2,14.7,Triassic,Mid_Triassic,242.1,Ani-Lad,242.1,Ani-Lad,242.1
Sinocyamodus xinpuensis,Sauropterygia,233.5,228.35,230.925,14.5,10,39,Triassic,Late_Triassic,219.1,Car,232,Car,232
Stenorhynchosaurus munozi,Sauropterygia,129.4,125,127.2,113.1,70,150,Cretaceous,Early_Cretaceous,122.3,Ber-Bar,135,Ber-Alb,122.3
Styxosaurus sp,Sauropterygia,83.64,80.97,82.305,44,580,210,Cretaceous,Late_Cretaceous,83.2,San-Maas,76.1,San-Maas,76.1
Thalassiodracon hawkinsii,Sauropterygia,201.3,201.1,201.2,19.05,60.22,41.62,Jurassic,Early_Jurassic,187.7,Het-Sin,196,Het-Sin,196
Thalassomedon haningtoni,Sauropterygia,100.5,93.9,97.2,48,609,308,Cretaceous,Late_Cretaceous,83.2,Cen-Con,93.4,Cen-Con,93.4
Trinacromerum bentonianum,Sauropterygia,93.9,91.41,92.655,NA,80,155,Cretaceous,Late_Cretaceous,83.2,Cen-Con,93.4,Cen-Con,93.4
Wangosaurus brevirostris,Sauropterygia,242,237,239.5,26.75,85.03,56.37,Triassic,Mid_Triassic,242.1,Ani-Lad,242.1,Ani-Lad,242.1
Wumengosaurus delicatomandibularis,Sauropterygia,244.94,243.99,244.465,9.4,14.3,30.9,Triassic,Mid_Triassic,242.1,Ani-Lad,242.1,Ani-Lad,242.1
Yunguisaurus liae,Sauropterygia,237,235.39,236.195,26.7,130.2,85.6,Triassic,Late_Triassic,219.1,Car,232,Car,232
Athabascasaurus bitumineus,Ichthyosauromorpha,113,111.5,112.25,NA,NA,143.4,Cretaceous,Early_Cretaceous,122.3,Apt-Alb,113,Ber-Alb,122.3
Barracudasauroides panxianensis,Ichthyosauromorpha,244.94,243.99,244.465,19.7,2.15,34.97,Triassic,Mid_Triassic,242.1,Ani-Lad,242.1,Ani-Lad,242.1
Besanosaurus leptorhynchus,Ichthyosauromorpha,242.1,241.5,241.8,51,12,172.4,Triassic,Mid_Triassic,242.1,Ani-Lad,242.1,Ani-Lad,242.1
Cartorhynchus lenticarpus,Ichthyosauromorpha,247.9,247.71,247.805,5.54,1.42,10,Triassic,Early_Triassic,251,Ind-Ole,251,Ind-Ole,251
Caypullysaurus bonapartei,Ichthyosauromorpha,152.1,139.4,145.75,147.4,45.5,273.1,Jurassic,Late_Jurassic,154.2,Kim-Tith,151.1,Oxf-Tith,154.2
Caypullysaurus bonapartei_d,Ichthyosauromorpha,152.1,139.4,145.75,147.4,45.5,273.1,Cretaceous,Early_Cretaceous,122.3,Ber-Bar,135,Ber-Alb,122.3
Chaohusaurus brevifemoralis,Ichthyosauromorpha,248.53,248.34,248.435,11.46,1.53,31.28,Triassic,Early_Triassic,251,Ind-Ole,251,Ind-Ole,251
Chaohusaurus chaoxianensis,Ichthyosauromorpha,248.09,247.71,247.9,9.1,2,17.5,Triassic,Early_Triassic,251,Ind-Ole,251,Ind-Ole,251
Cryopterygius kristiansenae,Ichthyosauromorpha,148.3,147.4,147.85,139,16.5,207.8,Jurassic,Late_Jurassic,154.2,Kim-Tith,151.1,Oxf-Tith,154.2
Cymbospondylus petrinus,Ichthyosauromorpha,243.99,241.5,242.745,118,52.4,372.6,Triassic,Mid_Triassic,242.1,Ani-Lad,242.1,Ani-Lad,242.1
Eohupehsuchus brevicollis,Ichthyosauromorpha,251.3,247.2,249.25,4.9,2.2,8.8,Triassic,Early_Triassic,251,Ind-Ole,251,Ind-Ole,251
Eretmophis carroldongi,Ichthyosauromorpha,251.2,247.2,249.2,6.2,5.4,30.1,Triassic,Early_Triassic,251,Ind-Ole,251,Ind-Ole,251
Eurhinosaurus longirostris,Ichthyosauromorpha,182.7,180.81,181.755,68,8.6,160.9,Jurassic,Early_Jurassic,187.7,Pli-Toa,182.4,Pli-Toa,182.4
Excalibosaurus costini,Ichthyosauromorpha,199.3,197.8,198.55,99,15.01,144.64,Jurassic,Early_Jurassic,187.7,Het-Sin,196,Het-Sin,196
Guanlingsaurus  lingae,Ichthyosauromorpha,233.5,228.35,230.925,75,37.5,262.5,Triassic,Late_Triassic,219.1,Car,232,Car,232
Guizhouichthyosaurus tangae,Ichthyosauromorpha,233.5,228.35,230.925,79.7,23.8,175.1,Triassic,Late_Triassic,219.1,Car,232,Car,232
Hauffiopteryx typicus,Ichthyosauromorpha,182.7,181.25,181.975,38.5,4.6,60,Jurassic,Early_Jurassic,187.7,Pli-Toa,182.4,Pli-Toa,182.4
Hupehsuchus nanchangensis,Ichthyosauromorpha,251.2,247.2,249.2,11.9,5.7,23.6,Triassic,Early_Triassic,251,Ind-Ole,251,Ind-Ole,251
Ichthyosaurus communis   ,Ichthyosauromorpha,201.3,196.31,198.805,53,12,63.8,Jurassic,Early_Jurassic,187.7,Het-Sin,196,Het-Sin,196
Ichthyosaurus larkini,Ichthyosauromorpha,201.3,196.31,198.805,36.6,7.86,65.74,Jurassic,Early_Jurassic,187.7,Het-Sin,196,Het-Sin,196
Ichthyosaurus somersetensis,Ichthyosauromorpha,201.3,196.31,198.805,47,7.1,79.2,Jurassic,Early_Jurassic,187.7,Het-Sin,196,Het-Sin,196
Leptonectes tenuirostris,Ichthyosauromorpha,201.3,184.2,192.75,56.41,5.32,69.53,Jurassic,Early_Jurassic,187.7,Het-Sin,196,Het-Sin,196
Leptonectes tenuirostris_d,Ichthyosauromorpha,201.3,184.2,192.75,56.41,5.32,69.53,NA,NA,NA,Pli-Toa,182.4,Pli-Toa,182.4
Mixosaurus cornalianus,Ichthyosauromorpha,242.57,240.3,241.435,18.4,2.5,27.3,Triassic,Mid_Triassic,242.1,Ani-Lad,242.1,Ani-Lad,242.1
Mixosaurus xindianensis,Ichthyosauromorpha,244.94,241.5,243.22,22.3,2.86,37.33,Triassic,Mid_Triassic,242.1,Ani-Lad,242.1,Ani-Lad,242.1
Nanchangosaurus suni,Ichthyosauromorpha,247.2,235,241.1,NA,24.5,85.1,Triassic,Mid_Triassic,242.1,Ani-Lad,242.1,Ani-Lad,242.1
Nanchangosaurus suni_d,Ichthyosauromorpha,247.2,235,241.1,NA,24.5,85.1,NA,Late_Triassic,219.1,Car,232,Car,232
Nannopterygius enthekiodon,Ichthyosauromorpha,154.6,149.87,152.235,NA,NA,129,Jurassic,Late_Jurassic,154.2,Kim-Tith,151.1,Oxf-Tith,154.2
Ophthalmosaurus icenicus,Ichthyosauromorpha,165.59,161.39,163.49,102,10,170.29,Jurassic,Mid_Jurassic,168.8,Aal-Call,168.8,Aal-Call,168.8
Ophthalmosaurus icenicus_d,Ichthyosauromorpha,165.59,161.39,163.49,102,10,170.29,NA,Late_Jurassic,154.2,Oxf,160.4,Oxf-Tith,154.2
Parahupehsuchus longus,Ichthyosauromorpha,251.3,247.2,249.25,NA,NA,47.5,Triassic,Early_Triassic,251,Ind-Ole,251,Ind-Ole,251
Phalarodon atavus,Ichthyosauromorpha,244.94,237,240.97,14.25,3,24.72,Triassic,Mid_Triassic,242.1,Ani-Lad,242.1,Ani-Lad,242.1
Platypterygius hercynicus,Ichthyosauromorpha,125,113,119,112,22.55,162.4,Cretaceous,Early_Cretaceous,122.3,Apt-Alb,113,Ber-Alb,122.3
Platypterygius platydactylus,Ichthyosauromorpha,125.71,123.88,124.795,117,16.21,159.4,Cretaceous,Early_Cretaceous,122.3,Apt-Alb,113,Ber-Alb,122.3
Qianichthyosaurus zhoui,Ichthyosauromorpha,237,228.7,232.85,26.8,5.9,53.2,Triassic,Late_Triassic,219.1,Car,232,Car,232
Sclerocormus parviceps,Ichthyosauromorpha,247.9,247.71,247.805,10,5.54,57.42,Triassic,Early_Triassic,251,Ind-Ole,251,Ind-Ole,251
Shonisaurus popularis,Ichthyosauromorpha,233.5,228.35,230.925,275,86.3,396,Triassic,Late_Triassic,219.1,Car,232,Car,232
Stenopterygius quadriscissus,Ichthyosauromorpha,182.7,180.81,181.755,51.12,10.43,88.25,Jurassic,Early_Jurassic,187.7,Pli-Toa,182.4,Pli-Toa,182.4
Stenopterygius triscissus,Ichthyosauromorpha,182.7,180.81,181.755,63.5,7.48,102,Jurassic,Early_Jurassic,187.7,Pli-Toa,182.4,Pli-Toa,182.4
Stenopterygius uniter,Ichthyosauromorpha,181.25,180.81,181.03,68.3,10.5,109.2,Jurassic,Early_Jurassic,187.7,Pli-Toa,182.4,Pli-Toa,182.4
Suevoleviathan integer,Ichthyosauromorpha,181.7,180.36,181.03,89,7.1,105,Jurassic,Early_Jurassic,187.7,Pli-Toa,182.4,Pli-Toa,182.4
Temnodontosaurus trigonodon,Ichthyosauromorpha,182.7,180.36,181.53,157,20.8,235.4,Jurassic,Early_Jurassic,187.7,Pli-Toa,182.4,Pli-Toa,182.4
Utatsusaurus hataii,Ichthyosauromorpha,247.9,247.71,247.805,23.15,6.45,57.5,Triassic,Early_Triassic,251,Ind-Ole,251,Ind-Ole,251
Xinminosaurus catactes,Ichthyosauromorpha,244.94,241.5,243.22,29,5.504,92.4,Triassic,Mid_Triassic,242.1,Ani-Lad,242.1,Ani-Lad,242.1
Aigialosaurus bucchichi,Mosasauroidea,99.7,94.3,97,14.3,14.4,32,Cretaceous,Late_Cretaceous,83.2,Cen-Con,93.4,Cen-Con,93.4
Aigialosaurus dalmaticus,Mosasauroidea,99.7,94.3,97,14.1,8.85,34.1,Cretaceous,Late_Cretaceous,83.2,Cen-Con,93.4,Cen-Con,93.4
Clidastes prophyton,Mosasauroidea,84.9,70.6,77.75,50.05,22.5,136,Cretaceous,Late_Cretaceous,83.2,San-Maas,76.1,San-Maas,76.1
Eonatator coellensis,Mosasauroidea,83.6,72.1,77.85,41.5,24.1,98.68,Cretaceous,Late_Cretaceous,83.2,San-Maas,76.1,San-Maas,76.1
Hainosaurus bernardi ,Mosasauroidea,70.6,66.043,68.3215,166.92,60,497.67,Cretaceous,Late_Cretaceous,83.2,San-Maas,76.1,San-Maas,76.1
Halisaurus sternbergii,Mosasauroidea,84.9,70.6,77.75,38.0405,31.5485,81.851,Cretaceous,Late_Cretaceous,83.2,San-Maas,76.1,San-Maas,76.1
Mosasaurus lemonnieri,Mosasauroidea,70.6,66.043,68.3215,75.85,55.19,246.48,Cretaceous,Late_Cretaceous,83.2,San-Maas,76.1,San-Maas,76.1
Platecarpus tympaniticus,Mosasauroidea,85.8,70.6,78.2,54.77,34.84,175.11,Cretaceous,Late_Cretaceous,83.2,San-Maas,76.1,San-Maas,76.1
Plotosaurus bennisoni,Mosasauroidea,70.6,66.043,68.3215,48.5,30.1,130,Cretaceous,Late_Cretaceous,83.2,San-Maas,76.1,San-Maas,76.1
Portunatasaurus krambergeri,Mosasauroidea,99.7,89.8,94.75,13.98,14.14,30.43,Cretaceous,Late_Cretaceous,83.2,Cen-Con,93.4,Cen-Con,93.4
Prognathodon overtoni,Mosasauroidea,84.9,70.6,77.75,37.15,91.49,202.77,Cretaceous,Late_Cretaceous,83.2,San-Maas,76.1,San-Maas,76.1
Prognathodon sp,Mosasauroidea,84.9,66.043,75.4715,NA,NA,67.84,Cretaceous,Late_Cretaceous,83.2,Cen-Con,93.4,Cen-Con,93.4
Prognathodon sp_d,Mosasauroidea,84.9,66.043,75.4715,NA,NA,67.84,NA,NA,NA,San-Maas,76.1,San-Maas,76.1
Tylosaurus proriger ,Mosasauroidea,84.9,70.6,77.75,119.25,51.68,254.5,Cretaceous,Late_Cretaceous,83.2,San-Maas,76.1,San-Maas,76.1
Allopleuron hoffmani,Pantestudines,70.6,66.043,68.3215,40,NA,75.5515,Cretaceous,Late_Cretaceous,83.2,San-Maas,76.1,San-Maas,76.1
Archelon ischyros,Pantestudines,84.9,66.043,75.4715,60,72,150,Cretaceous,Late_Cretaceous,83.2,San-Maas,76.1,San-Maas,76.1
Changmachelys bohlini,Pantestudines,125.45,112.6,119.025,8,12.8,25.75,Cretaceous,Early_Cretaceous,122.3,Apt-Alb,113,Ber-Alb,122.3
Desmatochelys lowii,Pantestudines,94.3,70.6,82.45,NA,NA,57.266,Cretaceous,Late_Cretaceous,83.2,Cen-Con,93.4,Cen-Con,93.4
Desmatochelys lowii_d,Pantestudines,94.3,70.6,82.45,NA,NA,57.266,NA,NA,NA,San-Maas,76.1,San-Maas,76.1
Eorhynchochelys sinensis,Pantestudines,235,221.5,228.25,9,13.8,46,Triassic,Late_Triassic,219.1,Car,232,Car,232
Eorhynchochelys sinensis_d,Pantestudines,235,221.5,228.25,9,13.8,46,NA,NA,NA,Nor-Rha,214.1,Nor-Rha,214.1
Eurysternum wagleri,Pantestudines,150.8,145.5,148.15,5.44,11.09,23.45,Jurassic,Late_Jurassic,154.2,Kim-Tith,151.1,Oxf-Tith,154.2
Hoyasemys jimenezi,Pantestudines,130,125.45,127.725,1.287,2.1685,3.6535,Cretaceous,Early_Cretaceous,122.3,Ber-Bar,135,Ber-Alb,122.3
Idiochelys fitzingeri,Pantestudines,150.8,145.5,148.15,3,4.8,9,Jurassic,Late_Jurassic,154.2,Kim-Tith,151.1,Oxf-Tith,154.2
Jeholochelys lingyuanensis,Pantestudines,125.45,112.6,119.025,3.4,3.629,11.5,Cretaceous,Early_Cretaceous,122.3,Ber-Bar,135,Ber-Alb,122.3
Jeholochelys lingyuanensis_d,Pantestudines,125.45,112.6,119.025,3.4,3.629,11.5,NA,NA,NA,Apt-Alb,113,NA,NA
Liaochelys jianchangensis,Pantestudines,125.45,112.6,119.025,3.274,NA,13.5,Cretaceous,Early_Cretaceous,122.3,Apt-Alb,113,Ber-Alb,122.3
Manchurochelys manchoukuoensis,Pantestudines,125.45,122.46,123.955,NA,NA,13.2,Cretaceous,Early_Cretaceous,122.3,Apt-Alb,113,Ber-Alb,122.3
Mesodermochelys undulatus,Pantestudines,70.6,66.043,68.3215,11.6,18.8,47.9,Cretaceous,Late_Cretaceous,83.2,San-Maas,76.1,San-Maas,76.1
Notoemys laticentralis,Pantestudines,150.8,145.5,148.15,NA,NA,13.9825,Jurassic,Late_Jurassic,154.2,Kim-Tith,151.1,Oxf-Tith,154.2
Odontochelys semitestacea,Pantestudines,232,221.5,226.75,6.39,7.2,14.3,Triassic,Late_Triassic,219.1,Car,232,Car,232
Odontochelys semitestacea_d,Pantestudines,232,221.5,226.75,6.39,7.2,14.3,NA,NA,NA,Nor-Rha,214.1,Nor-Rha,214.1
Ordosemys liaoxiensis,Pantestudines,125.45,122.46,123.955,4.45,8.9605,17.2,Cretaceous,Early_Cretaceous,122.3,Ber-Bar,135,Ber-Alb,122.3
Ordosemys liaoxiensis_d,Pantestudines,125.45,122.46,123.955,4.45,8.9605,17.2,NA,NA,NA,Apt-Alb,113,NA,NA
Palaeomedusa testa,Pantestudines,150.8,145.5,148.15,NA,NA,17.5,Jurassic,Late_Jurassic,154.2,Kim-Tith,151.1,Oxf-Tith,154.2
Perochelys lamadongensis,Pantestudines,125.45,112.6,119.025,NA,5.88,12.54,Cretaceous,Early_Cretaceous,122.3,Apt-Alb,113,Ber-Alb,122.3
Platychelys oberndorferi,Pantestudines,150.8,145.5,148.15,3.5,8,13.8,Jurassic,Late_Jurassic,154.2,Kim-Tith,151.1,Oxf-Tith,154.2
Proganochelys quenstedti,Pantestudines,221.5,205.6,213.55,9.6,14.96,40.25,Triassic,Late_Triassic,219.1,Nor-Rha,214.1,Nor-Rha,214.1
Protostega gigas,Pantestudines,85.8,70.6,78.2,37,31.2,68,Cretaceous,Late_Cretaceous,83.2,San-Maas,76.1,San-Maas,76.1
Rhinochelys nammourensis,Pantestudines,99.7,94.3,97,9.4,9.2,21.5,Cretaceous,Late_Cretaceous,83.2,Cen-Con,93.4,Cen-Con,93.4
Sinemys brevispinus,Pantestudines,145.5,99.7,122.6,NA,NA,6.9,Cretaceous,Early_Cretaceous,122.3,Ber-Bar,135,Ber-Alb,122.3
Sinemys brevispinus_d,Pantestudines,145.5,99.7,122.6,NA,NA,6.9,NA,Late_Cretaceous,83.2,Apt-Alb,113,Cen-Con,93.4
Sinemys brevispinus_dd,Pantestudines,145.5,99.7,122.6,NA,NA,6.9,NA,NA,NA,Cen-Con,93.4,NA,NA
Solnhofia parsoni,Pantestudines,150.8,145.5,148.15,NA,NA,12.9,Jurassic,Late_Jurassic,154.2,Kim-Tith,151.1,Oxf-Tith,154.2
Toxochelys latiremis,Pantestudines,84.9,66.043,75.4715,8.49,17.4,31.3,Cretaceous,Late_Cretaceous,83.2,Cen-Con,93.4,Cen-Con,93.4
Xinjiangchelys wusu,Pantestudines,167.7,163.5,165.6,3,7,14.5,Jurassic,Mid_Jurassic,168.8,Aal-Call,168.8,Aal-Call,168.8
Aeolodon priscus,Thalattosuchia,150.8,145.5,148.15,49.7,24.7,51.1,Jurassic,Late_Jurassic,154.2,Kim-Tith,151.1,Oxf-Tith,154.2
Cricosaurus bambergensis,Thalattosuchia,155.7,150.8,153.25,34.8,8,38.1,Jurassic,Late_Jurassic,154.2,Kim-Tith,151.1,Oxf-Tith,154.2
Cricosaurus sp,Thalattosuchia,150.8,136.4,143.6,45.3,14.8,54.1,Jurassic,Late_Jurassic,154.2,Kim-Tith,151.1,Oxf-Tith,154.2
Cricosaurus sp_d,Thalattosuchia,150.8,136.4,143.6,45.3,14.8,54.1,Cretaceous,Early_Cretaceous,122.3,Ber-Bar,135,Ber-Alb,122.3
Cricosaurus suevicus,Thalattosuchia,155.7,150.8,153.25,43,11,50,Jurassic,Late_Jurassic,154.2,Kim-Tith,151.1,Oxf-Tith,154.2
Dakosaurus maximus,Thalattosuchia,150.8,145.5,148.15,66.1,20.4,122.4,Jurassic,Late_Jurassic,154.2,Kim-Tith,151.1,Oxf-Tith,154.2
Metriorhynchus superciliosus,Thalattosuchia,164.7,160,162.35,75.6,27.7,86.6,Jurassic,Mid_Jurassic,168.8,Aal-Call,168.8,Aal-Call,168.8
Metriorhynchus superciliosus_d,Thalattosuchia,164.7,160,162.35,75.6,27.7,86.6,NA,Late_Jurassic,154.2,Oxf,160.4,Oxf-Tith,154.2
Pelagosaurus typus,Thalattosuchia,183,182,182.5,29.89,12.25,30.12,Jurassic,Early_Jurassic,187.7,Pli-Toa,182.4,Pli-Toa,182.4
Platysuchus multicrobiculatus,Thalattosuchia,183,182,182.5,58,20.1,61.5,Jurassic,Early_Jurassic,187.7,Pli-Toa,182.4,Pli-Toa,182.4
Rhacheosaurus gracilis,Thalattosuchia,150.8,145.5,148.15,29,7,30.6,Jurassic,Late_Jurassic,154.2,Kim-Tith,151.1,Oxf-Tith,154.2
Steneosaurus bollensis,Thalattosuchia,183,182,182.5,90,37.6,92.1,Jurassic,Early_Jurassic,187.7,Pli-Toa,182.4,Pli-Toa,182.4
Anshunsaurus huangguoshuensis,Thalattosauria,233.5,228.35,230.925,37.5,44,73,Triassic,Late_Triassic,219.1,Car,232,Car,232
Askeptosaurus italicus,Thalattosauria,247.2,237,242.1,19.2,26.5,28,Triassic,Mid_Triassic,242.1,Ani-Lad,242.1,Ani-Lad,242.1
Clarazia schinzi,Thalattosauria,247.2,237,242.1,6.4,4.1,18.6,Triassic,Mid_Triassic,242.1,Ani-Lad,242.1,Ani-Lad,242.1
Concavispina biseridens,Thalattosauria,235,221.5,228.25,NA,13.5,82.5,Triassic,Late_Triassic,219.1,Car,232,Car,232
Concavispina biseridens_d,Thalattosauria,235,221.5,228.25,NA,13.5,82.5,NA,NA,NA,Nor-Rha,214.1,Nor-Rha,214.1
Endennasaurus acutirostris,Thalattosauria,215.6,212,213.8,7.7,11.8,17.2,Triassic,Late_Triassic,219.1,Nor-Rha,214.1,Nor-Rha,214.1
Gunakadeit joseeae,Thalattosauria,221.5,205.6,213.55,13.3,3.6,21.4,Triassic,Late_Triassic,219.1,Nor-Rha,214.1,Nor-Rha,214.1
Miodentosaurus brevis,Thalattosauria,235,221.5,228.25,2.9,42.4,91.2,Triassic,Late_Triassic,219.1,Car,232,Car,232
Miodentosaurus brevis_d,Thalattosauria,235,221.5,228.25,2.9,42.4,91.2,NA,NA,NA,Nor-Rha,214.1,Nor-Rha,214.1
Xinpusarus kohi,Thalattosauria,235,221.5,228.25,19.2,NA,33.4,Triassic,Late_Triassic,219.1,Car,232,Car,232
Xinpusarus kohi_d,Thalattosauria,235,221.5,228.25,19.2,NA,33.4,NA,NA,NA,Nor-Rha,214.1,Nor-Rha,214.1
Xinpusaurus suni,Thalattosauria,232,221.5,226.75,34,7,59.1,Triassic,Late_Triassic,219.1,Car,232,Car,232
Xinpusaurus suni_d,Thalattosauria,232,221.5,226.75,34,7,59.1,NA,NA,NA,Nor-Rha,214.1,Nor-Rha,214.1
Xinpusaurus xingyiensis,Thalattosauria,242,235,238.5,32.9,NA,56.1,Triassic,Mid_Triassic,242.1,Ani-Lad,242.1,Ani-Lad,242.1
Xinpusaurus xingyiensis_d,Thalattosauria,242,235,238.5,32.9,NA,56.1,NA,Late_Triassic,219.1,Car,232,Car,232
Helveticosurus zollingeri,Saurosphargidae,247.2,242,244.6,22,30,121,Triassic,Mid_Triassic,242.1,Ani-Lad,242.1,Ani-Lad,242.1
Largocephalosaurus qianensis,Saurosphargidae,247.2,242,244.6,22.4,11.5,70.4,Triassic,Mid_Triassic,242.1,Ani-Lad,242.1,Ani-Lad,242.1
Dinocephalosaurus orientalis,Tanystropheidae,247.2,242,244.6,18.42,165.63,70,Triassic,Mid_Triassic,242.1,Ani-Lad,242.1,Ani-Lad,242.1
Tanystropheus longobardicus,Tanystropheidae,242,235,238.5,20.1,211,53,Triassic,Mid_Triassic,242.1,Ani-Lad,242.1,Ani-Lad,242.1
Tanystropheus longobardicus_d,Tanystropheidae,242,235,238.5,20.1,211,53,NA,Late_Triassic,219.1,Car,232,Car,232
Tanytrachelos ahynis,Tanystropheidae,221.5,205.6,213.55,1.55,5.24,5.45,Triassic,Late_Triassic,219.1,Nor-Rha,214.1,Nor-Rha,214.1
Ankylosphenodon pachyostosus,Rhynchocephalia,113,100.5,106.75,NA,NA,27.1,Cretaceous,Early_Cretaceous,122.3,Apt-Alb,113,Ber-Alb,122.3
Kallimodon cerinensis ,Rhynchocephalia,155.7,150.8,153.25,3.78,2.41,9.05,Jurassic,Late_Jurassic,154.2,Kim-Tith,151.1,Oxf-Tith,154.2
Kallimodon pulchellus,Rhynchocephalia,150.8,145.5,148.15,2.6,1.81,6.68,Jurassic,Late_Jurassic,154.2,Kim-Tith,151.1,Oxf-Tith,154.2
Palaeopleurosaurus posidoniae,Rhynchocephalia,183,182,182.5,7.1,3.3,26.3,Jurassic,Early_Jurassic,187.7,Pli-Toa,182.4,Pli-Toa,182.4
Pleurosaurus ginsburgi,Rhynchocephalia,150.8,145.5,148.15,8,3,42.2,Jurassic,Late_Jurassic,154.2,Kim-Tith,151.1,Oxf-Tith,154.2
Pleurosaurus goldfussi,Rhynchocephalia,150.8,145.5,148.15,9.5,2.44,31,Jurassic,Late_Jurassic,154.2,Kim-Tith,151.1,Oxf-Tith,154.2
Sapheosaurus thiollierei,Rhynchocephalia,155.7,150.8,153.25,5.05,3.55,13.9,Jurassic,Late_Jurassic,154.2,Kim-Tith,151.1,Oxf-Tith,154.2
Vadasaurus herzogi,Rhynchocephalia,155.7,150.8,153.25,2.92,1.3,6.3,Jurassic,Late_Jurassic,154.2,Kim-Tith,151.1,Oxf-Tith,154.2